conversation_title,url
Abu Dhabi news roundup,https://en.emirates7.com/article/6564?utm_source=chatgpt.com
Abu Dhabi news roundup,https://gulfnews.com/business/energy/uae-petrol-diesel-prices-for-september-2025-announced-1.500250892?utm_source=chatgpt.com
Abu Dhabi news roundup,https://gulfnews.com/uae/crime/abu-dhabi-authorities-crack-down-on-fake-news-and-rumours-online-1.500133983?utm_source=chatgpt.com
Abu Dhabi news roundup,https://m.economictimes.com/news/sports/united-arab-emirates-vs-oman-t20-match-asia-cup-2025-live-streaming-when-where-and-how-to-watch-uae-vs-oma-cricket-match-coverage-live-tv-online-your-country/articleshow/123899348.cms?utm_source=chatgpt.com
Abu Dhabi news roundup,https://www.finews.com/news/english-news/69299-abu-dhabi-adx-celebrates-listing-of-orascom-construction-stock-exchange-finance-place-middle-east-sawiris?utm_source=chatgpt.com
Abu Dhabi news roundup,https://www.khaleejtimes.com/business/active-development-projects-value-exceeds-758-billion-in-abu-dhabi?utm_source=chatgpt.com
Abu Dhabi news roundup,https://www.lexismiddleeast.com/news/2025-05-21_19?utm_source=chatgpt.com
Abu Dhabi news roundup,https://www.mediaoffice.abudhabi/en/arts-culture/department-of-culture-and-tourism-abu-dhabi-to-host-seminar-series-on-preserving-cultural-and-natural-heritage/?utm_source=chatgpt.com
Abu Dhabi news roundup,https://www.mofa.gov.ae/en/MediaHub/News/2025/8/10/10-8-2025-UAE-Sudan?utm_source=chatgpt.com
Abu Dhabi news roundup,https://www.reuters.com/business/energy/uaes-adnoc-announces-internal-transfers-shareholdings-its-listed-companies-xrg-2025-09-11/?utm_source=chatgpt.com
Abu Dhabi news roundup,https://www.reuters.com/world/middle-east/gulf-bourses-mixed-early-trade-ahead-feds-decision-2025-09-15/?utm_source=chatgpt.com
Abu Dhabi news roundup,https://www.timeoutdubai.com/news/uae-petrol-price-september-2025?utm_source=chatgpt.com
Abu Dhabi news roundup,https://www.wam.ae/en/article/bj53gbh-abu-dhabi-police-warn-against-rumours?utm_source=chatgpt.com
Abu Dhabi news roundup,https://www.wam.ae/en/article/blnlbvv-adx-welcomes-listing-orascom-construction?utm_source=chatgpt.com
Abu Dhabi news roundup,https://www.wam.ae/en/article/blpdmos-abu-dhabi-delegation-promote-trade-investment?utm_source=chatgpt.com
Abu Dhabi news roundup,https://www.wam.ae/en/article/blpdmov-abu-dhabi-hosts-congress-arabic-creative?utm_source=chatgpt.com
Abu Dhabi news roundup,https://www.zawya.com/en/press-release/events-and-conferences/active-development-projects-value-exceeds-758bln-in-abu-dhabi-as-intl-real-estate-and-investment-show-2025-starts-on-a-high-note-hbx0e5qk?utm_source=chatgpt.com
Semaglutide diabetes treatment,https://diabetes.org/newsroom/press-releases/american-diabetes-association-releases-standards-care-diabetes-2025?utm_source=chatgpt.com
Semaglutide diabetes treatment,https://diabetesjournals.org/care/article/48/2/177/157478/Compounded-GLP-1-and-Dual-GIP-GLP-1-Receptor?utm_source=chatgpt.com
Semaglutide diabetes treatment,https://diabetesjournals.org/care/article/48/Supplement_1/S181/157569/9-Pharmacologic-Approaches-to-Glycemic-Treatment?utm_source=chatgpt.com
Semaglutide diabetes treatment,https://www.acc.org/Latest-in-Cardiology/Articles/2020/01/02/15/05/Key-CVOTs-with-Semaglutide?utm_source=chatgpt.com
Semaglutide diabetes treatment,https://www.accessdata.fda.gov/drugsatfda_docs/label/2024/213051s018lbl.pdf?utm_source=chatgpt.com
Semaglutide diabetes treatment,https://www.accessdata.fda.gov/drugsatfda_docs/label/2025/209637s025lbl.pdf?utm_source=chatgpt.com
Semaglutide diabetes treatment,https://www.nejm.org/doi/full/10.1056/NEJMoa1607141?utm_source=chatgpt.com
Deploy serverless with Chalice,https://aws.amazon.com/blogs/compute/python-3-12-runtime-now-available-in-aws-lambda/?utm_source=chatgpt.com
Deploy serverless with Chalice,https://aws.amazon.com/blogs/compute/python-3-13-runtime-now-available-in-aws-lambda/?utm_source=chatgpt.com
Deploy serverless with Chalice,https://aws.github.io/chalice/topics/cd.html?utm_source=chatgpt.com
Deploy serverless with Chalice,https://aws.github.io/chalice/topics/configfile.html
Deploy serverless with Chalice,https://aws.github.io/chalice/topics/events.html?utm_source=chatgpt.com
Deploy serverless with Chalice,https://aws.github.io/chalice/topics/pyversion.html
Deploy serverless with Chalice,https://aws.github.io/chalice/upgrading.html
Deploy serverless with Chalice,https://docs.aws.amazon.com/lambda/latest/dg/lambda-runtimes.html?utm_source=chatgpt.com
Deploy serverless with Chalice,https://docs.aws.amazon.com/lambda/latest/dg/services-sqs-scaling.html?utm_source=chatgpt.com
Deploy serverless with Chalice,https://docs.aws.amazon.com/linux/al2023/ug/base-container.html?utm_source=chatgpt.com
Deploy serverless with Chalice,https://gitee.com/mirrors/chalice/blob/master/CHANGELOG.md?utm_source=chatgpt.com
Deploy serverless with Chalice,https://pypi.org/project/chalice/
TED2026 speaker schedule info,https://conferences.ted.com/ted2026/schedule?utm_source=chatgpt.com
TED2026 speaker schedule info,https://conferences.ted.com/ted2026?utm_source=chatgpt.com
Fagradalsfjall eruption timeline,https://volcano.si.edu/volcano.cfm?vn=371032&utm_source=chatgpt.com
Fagradalsfjall eruption timeline,https://www.volcanodiscovery.com/fagradalsfjall.html?utm_source=chatgpt.com
Fact-check microplastics claim,https://hsc.unm.edu/news/2025/_media/41591_2024_article_3453.pdf?utm_source=chatgpt.com
Fact-check microplastics claim,https://pmc.ncbi.nlm.nih.gov/articles/PMC11100893/?utm_source=chatgpt.com
Fact-check microplastics claim,https://pubmed.ncbi.nlm.nih.gov/39901044/?utm_source=chatgpt.com
Fact-check microplastics claim,https://pubmed.ncbi.nlm.nih.gov/40583085/?utm_source=chatgpt.com
Fact-check microplastics claim,https://www.mpg.de/21360687/micrplastic-atmosphere?utm_source=chatgpt.com
Fact-check microplastics claim,https://www.mpg.de/24313678/mikroplastik-ozean-atmosphaere?utm_source=chatgpt.com
Fact-check microplastics claim,https://www.nature.com/articles/s41591-024-03453-1?utm_source=chatgpt.com
Fact-check microplastics claim,https://www.nature.com/articles/s41591-025-03675-x?utm_source=chatgpt.com
Fact-check microplastics claim,https://www.washingtonpost.com/climate-environment/2025/09/02/alzheimers-symptoms-microplastics-mice-study/?utm_source=chatgpt.com
Dissent in Punjab ruling,https://cjp.org.in/supreme-court-paves-way-for-scheduled-castes-sub-classifications-makes-regressive-comments-on-creamy-layer/?utm_source=chatgpt.com
Dissent in Punjab ruling,https://en.wikipedia.org/wiki/State_of_Punjab_v._Davinder_Singh?utm_source=chatgpt.com
Dissent in Punjab ruling,https://ijlsss.com/judicial-rewriting-of-reservation-an-analytical-approach-of-sub-classification-and-creamy-layer-in-scheduled-caste-policy-with-special-reference-to-state-of-punjab-v-davinder-singh-case/?utm_source=chatgpt.com
Dissent in Punjab ruling,https://nyujilp.org/fragmentation-or-fairness-the-indian-supreme-courts-judgment-on-sub-classification-of-scs-and-sts/?utm_source=chatgpt.com
Dissent in Punjab ruling,https://www.juscorpus.com/wp-content/uploads/2025/05/18.-Vibhor-Kathuria.pdf?utm_source=chatgpt.com
Dissent in Punjab ruling,https://www.lawjournal.info/article/135/4-2-24-750.pdf?utm_source=chatgpt.com
Dissent in Punjab ruling,https://www.linkedin.com/pulse/critical-analysis-state-punjab-v-davinder-singh-case-scheduled-ghosh-e66wc?utm_source=chatgpt.com
Dissent in Punjab ruling,https://www.scobserver.in/journal/justice-bela-trivedis-notable-judgements/?utm_source=chatgpt.com
Dissent in Punjab ruling,https://www.scobserver.in/journal/reservations-and-sub-classification-of-sc-sts-a-mixed-bag-for-substantive-equality/?utm_source=chatgpt.com
Renewables vs oil performance,https://chevroncorp.gcs-web.com/news-releases/news-release-details/chevron-reports-second-quarter-2025-results?utm_source=chatgpt.com
Renewables vs oil performance,https://corporate.exxonmobil.com/news/news-releases/2025/0801_exxonmobil-announces-second-quarter-2025-results?utm_source=chatgpt.com
Renewables vs oil performance,https://finance.yahoo.com/news/first-solar-inc-announces-second-200200773.html?utm_source=chatgpt.com
Renewables vs oil performance,https://finance.yahoo.com/news/q2-earnings-roundup-solaredge-nasdaq-033705462.html?utm_source=chatgpt.com
Renewables vs oil performance,https://finance.yahoo.com/quote/ICLN/performance/?utm_source=chatgpt.com
Renewables vs oil performance,https://finance.yahoo.com/quote/TAN/?utm_source=chatgpt.com
Renewables vs oil performance,https://finance.yahoo.com/quote/TAN/performance/?utm_source=chatgpt.com
Renewables vs oil performance,https://finance.yahoo.com/quote/XLE/performance/?utm_source=chatgpt.com
Renewables vs oil performance,https://investor.enphase.com/news-releases/news-release-details/enphase-energy-reports-financial-results-second-quarter-2025?utm_source=chatgpt.com
Renewables vs oil performance,https://investor.exxonmobil.com/company-information/press-releases/detail/1191/exxonmobil-announces-second-quarter-2025-results?utm_source=chatgpt.com
Renewables vs oil performance,https://investors.solaredge.com/news-releases/news-release-details/solaredge-announces-second-quarter-2025-financial-results?utm_source=chatgpt.com
Renewables vs oil performance,https://mlq.ai/news/exxon-mobil-reports-q2-2025-profits-decline-to-four-year-low-amid-oil-price-slump/?utm_source=chatgpt.com
Renewables vs oil performance,https://renewablemarketwatch.com/news-analysis/the-european-commission-made-significant-efforts-to-accelerate-the-clean-energy-transition-through-auction-design-for-renewable-energy-projects/?utm_source=chatgpt.com
Renewables vs oil performance,https://rsmus.com/insights/tax-alerts/2025/treasury-issues-notice-2025-08-for-domestic-content-bonus-credit.html?utm_source=chatgpt.com
Renewables vs oil performance,https://strategicenergy.eu/europe-wind-solar-storage-auctions-2025/?utm_source=chatgpt.com
Renewables vs oil performance,https://www.bakerbotts.com/thought-leadership/publications/2025/august/clean-energy-tax-credits-new-guidance-on-beginning-of-construction-for-wind-and-solar-facilities?utm_source=chatgpt.com
Renewables vs oil performance,https://www.bp.com/en/global/corporate/investors/results-reporting-and-presentations/quarterly-results-and-webcast.html?utm_source=chatgpt.com
Renewables vs oil performance,https://www.businesswire.com/news/home/20250731309091/en/First-Solar-Inc.-Announces-Second-Quarter-2025-Financial-Results-and-Updates-Guidance?utm_source=chatgpt.com
Renewables vs oil performance,https://www.chevron.com/newsroom/2025/q3/chevron-reports-2q-2025-results?utm_source=chatgpt.com
Renewables vs oil performance,https://www.china-briefing.com/news/us-china-tariff-rates-2025/?utm_source=chatgpt.com
Renewables vs oil performance,https://www.energysage.com/news/how-new-trump-tariffs-could-affect-the-solar-industry/?utm_source=chatgpt.com
Renewables vs oil performance,https://www.fool.com/earnings/call-transcripts/2025/07/22/enphase-enph-q2-2025-earnings-call-transcript/?utm_source=chatgpt.com
Renewables vs oil performance,https://www.investing.com/news/company-news/nextera-energy-q2-2025-slides-adjusted-eps-rises-9-renewable-backlog-reaches-295-gw-93CH-4148047?utm_source=chatgpt.com
Renewables vs oil performance,https://www.investing.com/news/transcripts/earnings-call-transcript-solaredge-q2-2025-beats-revenue-forecast-stock-falls-93CH-4205779?utm_source=chatgpt.com
Renewables vs oil performance,https://www.investopedia.com/enphase-energy-stock-sinks-on-weaker-than-expected-results-expected-tariffs-hit-11720283?utm_source=chatgpt.com
Renewables vs oil performance,https://www.investor.nexteraenergy.com/~/media/Files/N/NEE-IR/reports-and-fillings/quarterly-earnings/2025/Q2%202025/2025-0723%20NEEQ22025News%20Release%20vFINAL.pdf?utm_source=chatgpt.com
Renewables vs oil performance,https://www.irs.gov/pub/irs-drop/n-25-08.pdf?utm_source=chatgpt.com
Renewables vs oil performance,https://www.reuters.com/business/energy/bp-strikes-major-oil-discovery-offshore-brazil-its-largest-decades-2025-08-04/?utm_source=chatgpt.com
Renewables vs oil performance,https://www.reuters.com/business/energy/hsbc-sees-downside-risk-2026-brent-crude-oil-price-forecast-2025-09-15/?utm_source=chatgpt.com
Renewables vs oil performance,https://www.reuters.com/business/energy/oil-prices-extend-losses-oversupply-us-demand-concerns-2025-09-12/?utm_source=chatgpt.com
Renewables vs oil performance,https://www.reuters.com/business/energy/opec-agrees-further-oil-output-boost-october-regain-market-share-2025-09-07/?utm_source=chatgpt.com
Renewables vs oil performance,https://www.reuters.com/business/energy/shells-profit-drops-by-almost-third-easily-beats-expectations-2025-07-31/?utm_source=chatgpt.com
Renewables vs oil performance,https://www.reuters.com/business/energy/world-oil-market-see-higher-supply-surplus-after-opec-hike-iea-says-2025-09-11/?utm_source=chatgpt.com
Renewables vs oil performance,https://www.schwab.wallst.com/schwab/Prospect/research/etfs/reports/reportRetrieve.asp?reportType=etfrc&symbol=TAN&utm_source=chatgpt.com
Renewables vs oil performance,https://www.sec.gov/Archives/edgar/data/93410/000009341025000058/a06302025ex9918-k.htm?utm_source=chatgpt.com
Renewables vs oil performance,https://www.shell.com/investors/results-and-reporting/quarterly-results/_jcr_content/root/main/section/promo_1962010312_cop/links/item3.stream/1753923133339/309de387115c2bcda99b4f0c2c1ea6dba286dc64/q2-2025-slides.pdf?utm_source=chatgpt.com
Renewables vs oil performance,https://www.spglobal.com/commodity-insights/en/news-research/latest-news/crude-oil/080325-opec-agrees-to-fully-unwind-voluntary-crude-output-cuts-in-sept?utm_source=chatgpt.com
Renewables vs oil performance,https://www.vestas.com/en/investor/reports-and-presentations/vestas-reporting?utm_source=chatgpt.com
Renewables vs oil performance,https://www.vestas.com/en/media/company-news/2025/vestas---interim-report--second-quarter-2025-c4217324?utm_source=chatgpt.com
Camera spec comparison,https://pre-www.att.com/buy/phones/google-pixel-9-pro.html?utm_source=chatgpt.com
Camera spec comparison,https://store.google.com/gb/product/pixel_9_pro_specs?hl=en-GB&utm_source=chatgpt.com
Camera spec comparison,https://techbuzz.att.com/buying-guides/samsung-galaxy-s25-ultra-camera-features/?utm_source=chatgpt.com
Camera spec comparison,https://www.dxomark.com/google-pixel-9-pro-xl-camera-test/?utm_source=chatgpt.com
Camera spec comparison,https://www.dxomark.com/samsung-galaxy-s25-ultra-camera-test-retested/?utm_source=chatgpt.com
Camera spec comparison,https://www.phonearena.com/news/galaxy-s25-camera_id163811?utm_source=chatgpt.com
Camera spec comparison,https://www.techradar.com/phones/samsung-galaxy-phones/samsung-galaxy-s25-ultra-cameras-versus-iphone-16-pro-max-cameras-12-hours-with-two-of-the-best-and-i-am-spoiled-for-choices?utm_source=chatgpt.com
Camera spec comparison,https://www.techradar.com/phones/samsung-galaxy-phones/samsung-galaxy-s25-ultra-cameras?utm_source=chatgpt.com
Camera spec comparison,https://www.theverge.com/24216079/google-pixel-9-pro-xl-fold-comparison-specs-price-features?utm_source=chatgpt.com
Camera spec comparison,https://www.theverge.com/24219032/pixel-9-pro-xl-hands-on-camera-ai-features-specs-price?utm_source=chatgpt.com
Camera spec comparison,https://www.tomsguide.com/phones/samsung-phones/i-shot-over-200-photos-with-the-galaxy-s25-ultra-vs-galaxy-s24-ultra-heres-the-winner?utm_source=chatgpt.com
ICML Best Paper Summary,https://arxiv.org/pdf/2502.06768?utm_source=chatgpt.com
ICML Best Paper Summary,https://icml.cc/virtual/2025/poster/45990?utm_source=chatgpt.com
AQI readings and forecast,https://air.plumelabs.com/air-quality-in-Bangkok-6KFg?utm_source=chatgpt.com
AQI readings and forecast,https://aqicn.org/city/bangkok/?utm_source=chatgpt.com
AQI readings and forecast,https://aqicn.org/forecast/asia/?utm_source=chatgpt.com
AQI readings and forecast,https://servir.adpc.net/tools/aq_detail.html?utm_source=chatgpt.com
AQI readings and forecast,https://www.aqi.in/sg/dashboard/malaysia/kuala-lumpur?utm_source=chatgpt.com
AQI readings and forecast,https://www.aqi.in/us/dashboard/singapore?utm_source=chatgpt.com
AQI readings and forecast,https://www.haze.gov.sg/?utm_source=chatgpt.com
AQI readings and forecast,https://www.haze.gov.sg/resources/1-hr-pm2.5-readings?utm_source=chatgpt.com
AQI readings and forecast,https://www.iqair.com/thailand/bangkok/bangkok?utm_source=chatgpt.com
AQI readings and forecast,https://www.undp.org/policy-centre/singapore/blog/enabling-access-air-quality-data-global-air-quality-monitoring-and-forecasting-products?utm_source=chatgpt.com
Player name guess,https://en.wikipedia.org/wiki/Amr_Zaki?utm_source=chatgpt.com
Player name guess,https://en.wikipedia.org/wiki/Wigan_Athletic_F.C.?utm_source=chatgpt.com
Player name guess,https://english.ahram.org.eg/NewsContent/6/51/138040/Sports/Egyptian-Football/AboutUs.aspx?utm_source=chatgpt.com
Player name guess,https://www.kingfut.com/2015/08/17/amr-zaki-announces-his-retirement-from-football/?utm_source=chatgpt.com
Player name guess,https://www.theguardian.com/football/2008/jul/23/wiganathletic.premierleague?utm_source=chatgpt.com
Player name guess,https://www.transfermarkt.co.in/amr-zaki/profil/spieler/38178?utm_source=chatgpt.com
Manga antagonist and movements,https://rozenmaiden.fandom.com/wiki/Kanaria?utm_source=chatgpt.com
Thesis title investigation,https://rave.ohiolink.edu/etdc/view?acc_num=miami1533287855502478
Editor name inquiry,https://bmcecolevol.biomedcentral.com/articles/10.1186/1471-2148-12-140?utm_source=chatgpt.com
Editor name inquiry,https://en.wikipedia.org/wiki/Miranda_Robertson?utm_source=chatgpt.com
Editor name inquiry,https://researchers.westernsydney.edu.au/en/publications/the-mammalian-pyhin-gene-family-phylogeny-evolution-and-expressio?utm_source=chatgpt.com
College joined by author,https://en.wikipedia.org/wiki/Yu-Chi_Ho?utm_source=chatgpt.com
Person in research papers,https://1000kitap.com/yazar/ayse-sirin-okyayuz-1?utm_source=chatgpt.com
Person in research papers,https://dergipark.org.tr/tr/download/issue-file/50426?utm_source=chatgpt.com
Award in paper acknowledgments,https://pmc.ncbi.nlm.nih.gov/articles/PMC7227421/?utm_source=chatgpt.com
Award in paper acknowledgments,https://pubmed.ncbi.nlm.nih.gov/31652074/?utm_source=chatgpt.com
Monument dedication inquiry,https://www.spomenikdatabase.org/zenica
Dinengdeng Festival winner,https://aliwanfiesta.com/updates/EJRUmhMPvbT/reyna-ng-aliwan-a-glittering-gateway-to-the-global-stage?utm_source=chatgpt.com
Dinengdeng Festival winner,https://amiananbalitangayon.com/dinengdeng-festival-a-symbolism-of-culture-of-ilocano-people/?utm_source=chatgpt.com
Dinengdeng Festival winner,https://en.wikipedia.org/wiki/Agoo?utm_source=chatgpt.com
Dinengdeng Festival winner,https://en.wikipedia.org/wiki/Dinengdeng?utm_source=chatgpt.com
Shipwreck captain identification,https://en.wikipedia.org/wiki/RMS_Quetta?utm_source=chatgpt.com
Incumbent king's coronation name,https://en.wikipedia.org/wiki/Ewuare_II?utm_source=chatgpt.com
Writer identification query,https://civileats.com/2021/10/21/mayukh-sen-celebrates-the-immigrant-women-who-have-revolutionized-american-food-culture/?utm_source=chatgpt.com
Writer identification query,https://en.wikipedia.org/wiki/Mayukh_Sen?utm_source=chatgpt.com
Writer identification query,https://food52.com/story/18732-how-and-why-did-fruitcake-become-a-slur?utm_source=chatgpt.com
Writer identification query,https://www.forbes.com/sites/abigailkoffler/2018/06/26/meet-the-26-year-old-james-beard-award-winner-reinventing-food-writing/?utm_source=chatgpt.com
Book title identification,https://en.wikipedia.org/wiki/Orhan_Pamuk?utm_source=chatgpt.com
Dissent in Punjab ruling,https://cjp.org.in/supreme-court-paves-way-for-scheduled-castes-sub-classifications-makes-regressive-comments-on-creamy-layer/?utm_source=chatgpt.com
Dissent in Punjab ruling,https://en.wikipedia.org/wiki/State_of_Punjab_v._Davinder_Singh?utm_source=chatgpt.com
Dissent in Punjab ruling,https://ijlsss.com/judicial-rewriting-of-reservation-an-analytical-approach-of-sub-classification-and-creamy-layer-in-scheduled-caste-policy-with-special-reference-to-state-of-punjab-v-davinder-singh-case/?utm_source=chatgpt.com
Dissent in Punjab ruling,https://nyujilp.org/fragmentation-or-fairness-the-indian-supreme-courts-judgment-on-sub-classification-of-scs-and-sts/?utm_source=chatgpt.com
Dissent in Punjab ruling,https://www.juscorpus.com/wp-content/uploads/2025/05/18.-Vibhor-Kathuria.pdf?utm_source=chatgpt.com
Dissent in Punjab ruling,https://www.lawjournal.info/article/135/4-2-24-750.pdf?utm_source=chatgpt.com
Dissent in Punjab ruling,https://www.linkedin.com/pulse/critical-analysis-state-punjab-v-davinder-singh-case-scheduled-ghosh-e66wc?utm_source=chatgpt.com
Dissent in Punjab ruling,https://www.scobserver.in/journal/justice-bela-trivedis-notable-judgements/?utm_source=chatgpt.com
Dissent in Punjab ruling,https://www.scobserver.in/journal/reservations-and-sub-classification-of-sc-sts-a-mixed-bag-for-substantive-equality/?utm_source=chatgpt.com
Author birthdate inquiry,https://en.wikipedia.org/wiki/Francis_Fukuyama?utm_source=chatgpt.com
Author birthdate inquiry,https://newamerica.org/our-people/francis-fukuyama/?utm_source=chatgpt.com
Author birthdate inquiry,https://www.britannica.com/biography/Francis-Fukuyama?utm_source=chatgpt.com
Elevator accident incident,https://www.fox13now.com/news/local-news/fox-13-investigates-elevator-danger?utm_source=chatgpt.com
Elevator accident incident,https://www.washingtonpost.com/business/economy/another-child-crushed-by-a-home-elevator-just-months-after-us-regulators-decided-against-safety-recall/2020/02/13/963c161e-4b5d-11ea-bf44-f5043eb3918a_story.html?utm_source=chatgpt.com
Company name inquiry,https://en.wikipedia.org/wiki/Adani_Enterprises?utm_source=chatgpt.com
Company name inquiry,https://en.wikipedia.org/wiki/Adani_Group?utm_source=chatgpt.com
Company name inquiry,https://en.wikipedia.org/wiki/Gautam_Adani?utm_source=chatgpt.com
Company name inquiry,https://money.rediff.com/news/market/gautam-adani-faces-bribery-charges-a-look-at-his-rise-controversies/18745720241121?utm_source=chatgpt.com
Fort Jesus identification,https://en.wikipedia.org/wiki/Fort_Jesus?utm_source=chatgpt.com
Fort Jesus identification,https://museums.or.ke/fort-jesus-museum/?utm_source=chatgpt.com
Fort Jesus identification,https://suraimages.com/stock/details/3648?utm_source=chatgpt.com
Fort Jesus identification,https://suraimages.com/uploads/stock/suraimages_preview_781724121-an-aerial-view-of-fort-jesus-in-mombasa.jpeg
Fort Jesus identification,https://tse1.mm.bing.net/th/id/OIP.12Cp7WFoOV_jnfUdjFd19wHaEK?pid=Api
Fort Jesus identification,https://whc.unesco.org/en/list/1295/?utm_source=chatgpt.com
Fort Jesus identification,https://www.atlasobscura.com/places/fort-jesus?utm_source=chatgpt.com
Episode 404 title,https://en.wikipedia.org/wiki/Episodes_%28TV_series%29?utm_source=chatgpt.com
Episode 404 title,https://www.rottentomatoes.com/tv/episodes/s04/e04?utm_source=chatgpt.com
Author identification request,https://mga.ieee.org/images/files/mga_minutes_2017_through_1992.pdf?utm_source=chatgpt.com
Author identification request,https://www.sciencedirect.com/topics/computer-science/combinatorial-optimisation?utm_source=chatgpt.com
Player of the Match,https://en.wikipedia.org/wiki/Sri_Lankan_cricket_team_in_England_in_2014?utm_source=chatgpt.com
Player of the Match,https://www.espn.com/cricket/series/667875/game/667893/england-vs-sri-lanka-3rd-odi-sri-lanka-tour-of-england-and-ireland-2014?utm_source=chatgpt.com
Player of the Match,https://www.espncricinfo.com/series/sri-lanka-tour-of-england-and-ireland-2014-667875/england-vs-sri-lanka-3rd-odi-667893/full-scorecard?utm_source=chatgpt.com
Miracle fruit identification,https://en.wikipedia.org/wiki/Miraculin?utm_source=chatgpt.com
Mystery settlement identified,https://en.wikipedia.org/wiki/Sourdough_Fire?utm_source=chatgpt.com
Mystery settlement identified,https://pnwbestlife.com/2019-puget-sound-crab-season-extended-into-2020/?utm_source=chatgpt.com
Mystery settlement identified,https://www.ebeysreserve.com/visitor-information?utm_source=chatgpt.com
Mystery settlement identified,https://www.islandcountywa.gov/210/Ebeys-Landing-National-Historical-Reserv?utm_source=chatgpt.com
Mystery settlement identified,https://www.islandhistory.org/?utm_source=chatgpt.com
Mystery settlement identified,https://www.king5.com/article/news/local/wildfire/sr-20-closed-sourdough-blue-lake-fires/281-2d594eab-b69b-4f0f-926d-6721250c48e1?utm_source=chatgpt.com
Mystery settlement identified,https://www.mapquest.com/us/washington/central-whitbey-island-fire-rescue-station-51-521185976?utm_source=chatgpt.com
Mystery settlement identified,https://www.nps.gov/ebla/?utm_source=chatgpt.com
Mystery settlement identified,https://www.nwpb.org/2023/08/09/part-of-hwy-20-reopened-firefighters-still-actively-working-in-area-as-sourdough-fire-burns/?utm_source=chatgpt.com
Mystery settlement identified,https://www.rome2rio.com/s/Whidbey-Island/San-Diego?utm_source=chatgpt.com
Mystery settlement identified,https://www.travelmath.com/drive-distance/from/San%2BDiego%2C%2BCA/to/Oak%2BHarbor%2C%2BWA?utm_source=chatgpt.com
Mystery settlement identified,https://www.westernbass.com/article/two-marine-areas-puget-sound-remain-open-recreational-crab-fishing?utm_source=chatgpt.com
Study authorship count,https://pubmed.ncbi.nlm.nih.gov/29551365/?utm_source=chatgpt.com
Letter writer identification,https://en.wikipedia.org/wiki/USAT_Buford?utm_source=chatgpt.com
Letter writer identification,https://www.newyorker.com/magazine/1961/03/25/letter-delayed-from-the-north?utm_source=chatgpt.com
Corresponding author lookup,https://pubmed.ncbi.nlm.nih.gov/35575721/?utm_source=chatgpt.com
Corresponding author lookup,https://scholars.okstate.edu/en/publications/social-norms-of-alcohol-use-among-american-indianalaska-native-co?utm_source=chatgpt.com
Game soundtrack track query,https://www.nintendolife.com/news/2024/12/nintendo-music-adds-super-mario-64-soundtrack-heres-every-song-included?ref=retroshell.com&utm_source=chatgpt.com
Match substitute inquiry,https://en.wikipedia.org/wiki/Sam_Allardyce?utm_source=chatgpt.com
2019 LoL World Championship,https://en.wikipedia.org/wiki/2019_League_of_Legends_World_Championship?utm_source=chatgpt.com
2019 LoL World Championship,https://en.wikipedia.org/wiki/2019_League_of_Legends_World_Championship_final?utm_source=chatgpt.com
Driver identification,https://en.wikipedia.org/wiki/Paddy_Hopkirk?utm_source=chatgpt.com
Driver identification,https://www.hotcars.com/facts-legendary-rally-driver-paddy-hopkirk/?utm_source=chatgpt.com
Driver identification,https://www.press.bmwgroup.com/global/article/detail/T0439168EN/january-1964%3A-historic-victory-for-the-classic-mini-at-the-monte-carlo-rally?language=en&utm_source=chatgpt.com
New chat,https://writersalmanac.publicradio.org/index.php%3Fdate%3D2011%252F06%252F28.html?utm_source=chatgpt.com
New chat,https://www.poetryfoundation.org/poets/paul-zimmer?utm_source=chatgpt.com
Book title search,https://archive.org/details/lifeonedgecoming0000alkh?utm_source=chatgpt.com
Book title search,https://en.wikipedia.org/wiki/Transworld_%28publisher%29?utm_source=chatgpt.com
Book title search,https://royalsociety.org/medals-and-prizes/science-book-prize/books/2015/life-on-the-edge/?utm_source=chatgpt.com
Book title search,https://www.penguin.co.uk/about/publishing-houses/transworld?utm_source=chatgpt.com
Newspaper founder inquiry,https://en.wikipedia.org/wiki/The_New_Zealand_Herald?utm_source=chatgpt.com
Newspaper founder inquiry,https://natlib.govt.nz/records/22564279?utm_source=chatgpt.com
Newspaper founder inquiry,https://paperspast.natlib.govt.nz/newspapers/new-zealand-herald?utm_source=chatgpt.com
Position takeover inquiry,https://www.litcharts.com/lit/the-girl-with-the-louding-voice/characters/rebecca?utm_source=chatgpt.com
Article name query,https://www.marxists.org/archive/tagore/1966/rajarammohunroy.pdf
Olympics flag bearer identity,https://en.wikipedia.org/wiki/Marien_Michel_Ngouabi?utm_source=chatgpt.com
Film title identification,https://en.wikipedia.org/wiki/Cobra_Verde?utm_source=chatgpt.com
Film title identification,https://ghanafixer.com/filming-the-elmina-castle/?utm_source=chatgpt.com
Film title identification,https://www.imdb.com/title/tt0094888/locations/?utm_source=chatgpt.com
Band formed by King Diamond,https://en.wikipedia.org/wiki/King_Diamond?utm_source=chatgpt.com
Band formed by King Diamond,https://metalinjection.net/news/king-diamond-discusses-how-his-voice-changed-after-triple-bypass-surgery-performing-with-metallica-in-2011?utm_source=chatgpt.com
Dominant compound in Abies,https://pmc.ncbi.nlm.nih.gov/articles/PMC7061173/?utm_source=chatgpt.com
Dominant compound in Abies,https://www.mdpi.com/2223-7747/14/6/892?utm_source=chatgpt.com
Writer birthdate inquiry,https://en.wikipedia.org/wiki/Jonathan_Franzen?utm_source=chatgpt.com
Writer birthdate inquiry,https://www.britannica.com/biography/Jonathan-Franzen?utm_source=chatgpt.com
Room inspiration for author,https://americanliterature.com/author/edith-wharton/book/ethan-frome/introduction?utm_source=chatgpt.com
Room inspiration for author,https://human.libretexts.org/Courses/Lumen_Learning/Book%3A_Introduction_to_Literature-2_%28Lumen%29/24%3A_Library/24.4%3A_Ethan_Frome_by_Edith_Wharton?utm_source=chatgpt.com
Room inspiration for author,https://www.literaryladiesguide.com/literary-musings/edith-whartons-introduction-ethan-frome-1911/?utm_source=chatgpt.com
Kasetsart University criteria,https://en.wikipedia.org/wiki/Kasetsart_University?utm_source=chatgpt.com
Taj-ul-Masajid details,https://en.wikipedia.org/wiki/Gandhi_Medical_College%2C_Bhopal?utm_source=chatgpt.com
Taj-ul-Masajid details,https://en.wikipedia.org/wiki/Hamidia_Hospital?utm_source=chatgpt.com
Taj-ul-Masajid details,https://en.wikipedia.org/wiki/Moti_Masjid%2C_Bhopal?utm_source=chatgpt.com
Taj-ul-Masajid details,https://en.wikipedia.org/wiki/Taj-ul-Masajid?utm_source=chatgpt.com
Taj-ul-Masajid details,https://mapacademy.io/article/taj-ul-masajid-bhopal/?utm_source=chatgpt.com
Taj-ul-Masajid details,https://www.hindustantimes.com/india-news/tajulmasajid-an-architectural-wonder-in-bhopal-built-by-a-woman-101718448555796.html?utm_source=chatgpt.com
Taj-ul-Masajid details,https://www.homes247.in/blogs/largest-mosque-in-india-2448?utm_source=chatgpt.com
Taj-ul-Masajid details,https://www.justdial.com/Bhopal/Hamidia-Hospital-Royal-Market-Near-Mothi-Masjid-Infront-Of-Taj-Ul-Masjid-Medical-College-Campus-Sultania-Road/0755P755STD612_BZDET?utm_source=chatgpt.com
Character mention comparison,https://buenosaires.for91days.com/the-eternauta/
Relationship breakup date,https://diasporamessenger.com/2021/08/the-big-split-governor-alfred-mutua-lillian-nganga-separation/?utm_source=chatgpt.com
Relationship breakup date,https://en.wikipedia.org/wiki/Alfred_Mutua?utm_source=chatgpt.com
Relationship breakup date,https://nation.africa/kenya/life-and-style/lifestyle/alfred-mutua-no-beef-between-lillian-ng-ang-a-and-me-4442150?utm_source=chatgpt.com
Relationship breakup date,https://www.tuko.co.ke/tags/alfred-mutua-latest-news/?page=18&utm_source=chatgpt.com
Senior animators surnames,https://en.wikipedia.org/wiki/Heroes_of_Might_and_Magic_V%3A_Tribes_of_the_East?utm_source=chatgpt.com
Senior animators surnames,https://www.mobygames.com/game/30569/heroes-of-might-and-magic-v-tribes-of-the-east/?utm_source=chatgpt.com
Senior animators surnames,https://www.mobygames.com/game/30569/heroes-of-might-and-magic-v-tribes-of-the-east/credits/windows/?utm_source=chatgpt.com
Building name and location,https://es.wikipedia.org/wiki/Confiter%C3%ADa_Torres?utm_source=chatgpt.com
Building name and location,https://www.afar.com/places/confiteria-torres-santiago?utm_source=chatgpt.com
Building name and location,https://www.santiagoturismo.cl/en/confiteria-torres-2/?utm_source=chatgpt.com
Band recovery bay name,https://archive.westernfieldornithologists.org/archive/V55/55%282%29-WebComp.pdf?utm_source=chatgpt.com
Band recovery bay name,https://www.discountmags.com/magazine/bird-watching-september-1-2019-digital?srsltid=AfmBOop7_GHFlrjSKTrLNS3EZrEknhWDQ-zrCI_2EjfsakJ62aIAllM-&utm_source=chatgpt.com
Band recovery bay name,https://www.ziniounlimited.com/es/publications/bird-watching/1419/issues/436677?utm_source=chatgpt.com
Band identification clues,https://en.wikipedia.org/wiki/%C4%8Cechomor?utm_source=chatgpt.com
Band identification clues,https://www.cechomor.cz/release/radosti-zivota/?utm_source=chatgpt.com
